Cluster,Recency,Frequency,Monetary,DBSCAN_cluster
0,72.8984247691472,119.33840304182509,2249.382778652906,-0.0005431830526887561
1,469.71229338842977,42.94421487603306,756.7472432851239,-0.0015495867768595042
2,1.6666666666666667,7913.0,106042.18333333333,-1.0
3,5.25,2346.25,424585.9075,-1.0
4,27.537549407114625,894.1225296442688,22377.63792094862,-0.17786561264822134
